,Fund Name,P1,P2,P3,P4,P5,Topsis Score,Rank
0,M1,0.39527501192243614,0.42719421874267716,0.47877827201090917,0.401544814443482,0.4103846210010437,0.5501213060194122,2
1,M2,0.2823392942303115,0.21617056852039085,0.2534708498881284,0.398198607656453,0.3840472182530187,0.4652463884199143,6
2,M3,0.304057701478797,0.25219899660712264,0.2957159915361498,0.2971431626881767,0.2980915129208281,0.5003768553506737,4
3,M4,0.39527501192243614,0.42719421874267716,0.4154105595388771,0.37142895336022086,0.37806144490119487,0.5066712366496822,3
4,M5,0.37790028612364773,0.39116579065594537,0.2182665651814439,0.4343376409563664,0.4168492562210135,0.3472958507643132,7
5,M6,0.39961869337213324,0.43748805533888624,0.23938913600545458,0.30115861083261153,0.3002463913274847,0.3451195905208667,8
6,M7,0.2823392942303115,0.21617056852039085,0.47173741506957234,0.34465929906398873,0.3548366442961183,0.6795829267074002,1
7,M8,0.36486924177455643,0.3654311991654226,0.34500199012550814,0.23624219916424855,0.2499658951721643,0.49647455224524406,5
